Country Name,Year,Renewable_Share,GDP_per_Capita,Electricity_Access,Urban_Population,CO2_Emissions,Energy_Consumption
United Arab Emirates,2010,0.1,85120.1974687752,100.0,5727482.0,26.785591,1102.9705
Argentina,2010,8.8,17847.6110373178,98.8,37569823.0,4.507803,326.28983
Australia,2010,8.2,39504.361082784,100.0,18995744.0,18.292547,27432.29
Austria,2010,31.1,41735.4574798744,100.0,5612241.0,8.607232,4703.3174
Azerbaijan,2010,4.4,14930.4099928423,99.9,4824586.0,3.0118616,5.29326
Belgium,2010,6.2,39839.9772772918,100.0,9258190.0,10.475143,3986.6523
Bangladesh,2010,40.3,2833.69544368864,55.3,42198665.0,0.3550251,57.00167
Bulgaria,2010,14.3,14954.2543206827,93.5,5288958.0,6.4289203,10762.482
Belarus,2010,7.3,15339.0999035972,94.4,7070213.0,6.586985,791.0173
Brazil,2010,46.8,14451.7158388109,98.6,163375657.0,2.2729204,868.3322
Canada,2010,21.4,40103.1114399673,100.0,27548892.0,16.20929,8391.607
Switzerland,2010,20.6,54426.2828092789,100.0,5759812.0,5.754552,220.42615
Chile,2010,27.0,17917.8951217097,99.5,14940316.0,4.1525846,3039.8555
China,2010,12.3,9411.13821903204,99.7,658606042.0,6.370445,15049.661
Colombia,2010,30.6,10841.1279801312,96.8,34354636.0,1.684584,1248.5637
Cyprus,2010,6.5,33502.1640625,100.0,761534.0,7.156974,151.11035
Czechia,2010,10.9,28153.8518610007,100.0,7682934.0,11.225506,20869.69
Germany,2010,11.6,39726.098692395,100.0,65671538.0,10.22758,11086.998
Denmark,2010,21.2,43037.5989192487,100.0,4819008.0,8.866418,8196.313
Algeria,2010,0.3,14201.3659906969,98.9,24290813.0,3.25651,99.6263
Ecuador,2010,11.8,8968.94040838943,97.5,9459198.0,2.41893,7.6939626
Spain,2010,14.4,31804.6746571689,100.0,36569299.0,6.032926,1712.4531
Estonia,2010,25.3,21614.3068307361,100.0,902804.0,14.243671,35167.113
Finland,2010,33.4,38946.228265358,100.0,3742846.0,11.950002,14715.625
France,2010,11.9,35907.5531031574,100.0,50132793.0,5.945996,2178.362
United Kingdom,2010,3.2,36483.5682802621,100.0,50837721.0,8.124634,5631.3057
Greece,2010,11.4,27838.73639086,100.0,8492606.0,8.751197,8225.468
Croatia,2010,29.8,20139.2955371548,100.0,2374619.0,4.8773313,1845.9744
Hungary,2010,13.5,21690.9866477738,100.0,6953071.0,5.2101464,3137.4214
Indonesia,2010,36.0,8353.45684733249,94.2,122788468.0,1.8082032,1744.2554
India,2010,36.2,4206.45986002117,76.3,384288267.0,1.3498628,2692.8796
Ireland,2010,5.3,43212.2040003212,100.0,2822329.0,9.1665125,5066.189
Iraq,2010,1.7,12186.1929623841,98.4,21439401.0,3.671512,0.0
Iceland,2010,76.0,39763.988895791,100.0,297237.0,11.398676,3404.9631
Israel,2010,8.6,29455.9546732511,100.0,6993254.0,9.307533,12256.102
Italy,2010,12.8,34974.1045135807,100.0,40806631.0,7.2413816,2643.2244
Japan,2010,4.7,35336.0080490032,100.0,116060695.0,9.447968,10552.965
Kazakhstan,2010,1.4,18641.8061477073,100.0,9126462.0,14.735143,23059.934
Kuwait,2010,0.0,75184.0865924781,100.0,2943372.0,30.482365,15.189733
Sri Lanka,2010,61.9,8233.62663813947,85.3,3601355.0,0.6081095,33.383064
Lithuania,2010,21.5,18718.9043711358,99.7,2068095.0,4.4554987,777.15515
Luxembourg,2010,3.7,90336.0184704033,100.0,448592.0,22.053823,1535.6372
Latvia,2010,33.1,16373.4037320495,99.8,1422710.0,4.0777874,604.32697
Morocco,2010,13.9,6848.66748046875,95.7,18937605.0,1.6744752,998.41
Mexico,2010,9.4,15909.1464963628,99.2,86950054.0,4.0168395,1303.5879
North Macedonia,2010,22.3,11992.1816944788,99.5,1131202.0,3.9882076,7339.6025
Malaysia,2010,2.0,20193.4092945433,99.5,20306208.0,6.956588,5993.263
North America,2010,8.88269795903184,47801.4741124958,100.0,277280148.0,12.715312,11513.716
Netherlands,2010,3.9,45301.269581608,100.0,14513593.0,10.880462,5233.83
Norway,2010,56.0,58213.1333665855,100.0,3874488.0,9.338823,1812.3994
New Zealand,2010,29.4,31305.3299504124,100.0,3735572.0,8.001102,3696.6072
Oman,2010,0.0,55667.4687778644,100.0,2072441.0,18.650982,124.9728
Pakistan,2010,47.4,3785.70113530595,87.1,69366905.0,0.7403367,313.98642
Peru,2010,32.2,9713.35863309362,88.1,22513188.0,1.4613583,325.1657
Philippines,2010,32.7,5489.23543457601,85.5,43853447.0,0.8537299,848.7956
Poland,2010,9.5,20990.9122325468,100.0,23148081.0,8.768195,16813.678
Portugal,2010,27.8,27292.0819531528,100.0,6457932.0,4.9996824,1811.3734
Qatar,2010,0.1,151646.145163851,100.0,1592687.0,43.09007,0.0
Romania,2010,24.1,17354.6748476713,97.1,10913837.0,4.134961,4008.05
Saudi Arabia,2010,0.0,58828.726534911,100.0,19681342.0,22.086767,31.244783
Singapore,2010,0.5,75400.5557984177,100.0,5076732.0,8.745288,17.867569
Slovenia,2010,20.1,27579.428605763,100.0,1026739.0,8.053124,8166.445
Sweden,2010,44.7,41951.4533673936,100.0,7983920.0,5.654432,3313.7976
Thailand,2010,22.8,12932.2633444457,99.7,30176242.0,3.5144494,2617.18
Turkmenistan,2010,0.1,8971.61628736812,100.0,2610639.0,10.636284,0.0
Trinidad and Tobago,2010,0.4,30778.3127370297,100.0,712751.0,33.961063,0.0
Ukraine,2010,2.9,8453.2998046875,100.0,31886191.0,6.3364434,9575.925
United States,2010,7.4,48642.6312088213,100.0,249667531.0,18.22542,18647.496
Uzbekistan,2010,1.3,5504.8563793137,99.6,14570895.0,3.7930706,325.20285
World,2010,16.7414815095897,12953.5838737378,83.4471382973513,3623784825.0,4.744936,5983.711
South Africa,2010,9.4,12637.2912226018,82.8,32783033.0,8.928475,20623.86
United Arab Emirates,2011,0.1,89665.4018921986,100.0,5937227.0,27.574131,718.6595
Argentina,2011,8.8,19104.9909405228,99.0,38019648.0,4.550224,350.3095
Australia,2011,8.3,42152.816179831,100.0,19285449.0,17.96612,26337.545
Austria,2011,31.6,44171.5618687028,100.0,5634856.0,8.327111,4814.6987
Azerbaijan,2011,3.5,14804.5744507911,99.9,4908383.0,3.2637987,4.56453
Belgium,2011,6.7,41244.8495035213,100.0,9408460.0,9.526456,3718.6663
Bangladesh,2011,38.4,3051.26983271811,59.6,43174476.0,0.36195275,84.090454
Bulgaria,2011,13.2,15747.3476582908,94.1,5335633.0,7.1978717,12756.65
Belarus,2011,7.5,16563.2014078209,95.0,7101886.0,6.476822,952.06006
Brazil,2011,45.2,15211.7920390047,99.3,165254972.0,2.3653224,920.0566
Canada,2011,21.5,41666.8374590278,100.0,27850187.0,16.287806,7494.9185
Switzerland,2011,20.6,57493.5810559211,100.0,5827528.0,5.1770616,201.46172
Chile,2011,28.8,20121.6834214209,99.6,15097974.0,4.4993253,3860.489
China,2011,11.3,10456.7916826113,99.9,697132024.0,6.998823,16279.062
Colombia,2011,29.6,11707.4614624747,96.7,34777036.0,1.6613352,1000.1506
Cyprus,2011,7.6,33405.9765625,100.0,772713.0,6.7966948,69.91861
Czechia,2011,12.2,29237.1870959847,100.0,7692356.0,10.974041,20483.875
Germany,2011,12.5,43398.3443992496,100.0,64493384.0,9.95007,11264.099
Denmark,2011,23.8,44443.7163844726,100.0,4855130.0,7.9407773,6791.62
Algeria,2011,0.2,14639.8779436268,99.0,24996281.0,3.3795078,86.66552
Ecuador,2011,13.2,9768.69201080404,96.9,9624090.0,2.510752,7.097816
Spain,2011,14.7,32015.5752000401,100.0,36784351.0,6.02738,3165.2244
Estonia,2011,25.2,24652.3610297918,100.0,901033.0,14.274907,35704.24
Finland,2011,35.1,40845.9566729849,100.0,3774933.0,10.512902,11899.534
France,2011,10.6,37510.3759898714,100.0,50389719.0,5.572035,1941.6694
United Kingdom,2011,4.0,37224.3787645256,100.0,51325648.0,7.3959785,5632.311
Greece,2011,11.4,25692.5740851321,100.0,8510268.0,8.507211,8268.1455
Croatia,2011,27.2,21190.7130553097,100.0,2366216.0,4.8155785,1909.1304
Hungary,2011,14.7,22992.2184657584,100.0,6928156.0,5.04249,3171.661
Indonesia,2011,32.4,8936.99215549454,94.8,125939961.0,2.0060833,1989.279
India,2011,35.0,4454.70153200513,79.5,394443694.0,1.3999841,2758.3215
Ireland,2011,7.0,45525.7181239042,100.0,2843649.0,8.309539,4949.5273
Iraq,2011,1.1,12912.0299790146,98.0,22231656.0,3.8408003,0.0
Iceland,2011,77.1,40936.867830513,100.0,297994.0,10.977909,3394.5498
Israel,2011,9.1,31313.9334997029,100.0,7123600.0,9.181438,12347.966
Italy,2011,11.9,36392.2827759493,100.0,41059264.0,7.0218983,2953.0598
Japan,2011,4.8,36214.4397740241,100.0,116153110.0,9.845555,10013.157
Kazakhstan,2011,1.4,20159.9329426413,99.8,9283838.0,13.955058,24765.037
Kuwait,2011,0.0,79036.7857441182,100.0,3132814.0,27.81871,50.26176
Sri Lanka,2011,56.4,9075.545495895,87.8,3737115.0,0.68904465,165.57185
Lithuania,2011,22.7,21557.6567458052,99.7,2021322.0,4.6092105,920.4492
Luxembourg,2011,3.8,94475.0302265023,100.0,461102.0,21.38425,1309.7074
Latvia,2011,35.5,17680.4939630507,99.8,1397032.0,3.7906103,624.61365
Morocco,2011,11.8,7274.1474609375,96.1,19386362.0,1.6670716,1052.0566
Mexico,2011,9.1,17266.8129106549,99.0,88238240.0,4.1937428,1486.6525
North Macedonia,2011,18.6,12420.8114553395,99.7,1128359.0,4.3240137,8427.854
Malaysia,2011,2.2,21324.3594996498,99.5,20828845.0,6.9766316,5887.225
North America,2011,9.86206424776275,49199.8016626681,100.0,279555129.0,12.401896,10792.492
Netherlands,2011,4.7,47004.1370739062,100.0,14690893.0,10.049582,5138.153
Norway,2011,56.0,62460.0908157002,100.0,3928374.0,9.040032,1985.3411
New Zealand,2011,30.3,32738.9884445601,100.0,3762494.0,7.8127985,3712.246
Oman,2011,0.0,52393.3135820293,100.0,2327835.0,18.625143,38.473335
Pakistan,2011,46.8,3879.5977693449,87.8,71334284.0,0.7336991,291.99734
Peru,2011,30.6,10462.5770434663,89.7,22860650.0,1.4443991,324.58505
Philippines,2011,33.8,5705.43591174904,87.2,45865757.0,0.844595,914.5511
Poland,2011,10.4,22808.5055268899,100.0,23117988.0,8.725933,16729.664
Portugal,2011,27.2,26803.2336904645,100.0,6455005.0,4.9051266,2446.5706
Qatar,2011,0.1,174619.917706815,100.0,1602503.0,45.174625,0.0
Romania,2011,21.1,18803.8678810861,97.4,10871785.0,4.5553036,4706.883
Saudi Arabia,2011,0.0,64125.2177225838,100.0,20639162.0,20.694223,29.329449
Singapore,2011,0.5,80052.3914982651,100.0,5183688.0,9.069433,14.362896
Slovenia,2011,19.1,28715.6339954963,100.0,1025321.0,7.9871964,8261.94
Sweden,2011,45.4,44332.5217389078,100.0,8065855.0,5.1976295,2931.945
Thailand,2011,23.0,13227.454108915,99.3,30918591.0,3.548588,2644.9246
Turkmenistan,2011,0.1,10282.7266190528,99.8,2667782.0,11.464075,0.0
Trinidad and Tobago,2011,0.4,31077.796969852,97.5,716139.0,33.72311,0.0
Ukraine,2011,2.7,9126.6083984375,100.0,31824345.0,6.659268,10420.019
United States,2011,8.4,50024.8812320773,100.0,251641209.0,17.634142,17424.332
Uzbekistan,2011,0.9,5949.484123529,99.7,14797699.0,4.050717,342.85623
World,2011,16.6987205578704,13644.381319956,84.5062333878765,3717722248.0,4.848876,6185.322
South Africa,2011,9.0,13143.1933361097,83.6,33307819.0,8.949351,19863.23
United Arab Emirates,2012,0.1,89198.0119017025,100.0,6191396.0,27.787138,2144.4087
Argentina,2012,8.6,19430.4178068112,99.1,38453227.0,4.5471244,324.20834
Australia,2012,8.3,43007.2697824131,100.0,19651972.0,17.72246,24262.76
Austria,2012,34.4,46156.4832073037,100.0,5665678.0,7.977175,4461.906
Azerbaijan,2012,2.8,15994.1466501837,100.0,5001842.0,3.4950342,4.5890527
Belgium,2012,7.7,42483.5250666788,100.0,9495487.0,9.226742,3480.7622
Bangladesh,2012,37.3,3434.27815090447,65.5,44162100.0,0.38501203,68.72449
Bulgaria,2012,15.6,16327.3382758143,94.7,5316384.0,6.5978446,10991.901
Belarus,2012,7.2,18114.7508606708,95.6,7135016.0,6.6143084,972.1315
Brazil,2012,43.5,15198.086330971,99.5,167142675.0,2.5268083,903.10455
Canada,2012,21.8,42291.9729357094,100.0,28170388.0,16.086172,7027.447
Switzerland,2012,21.9,59440.9158607666,100.0,5897866.0,5.280982,179.53796
Chile,2012,30.3,21366.1771264909,100.0,15256086.0,4.5448008,4457.927
China,2012,11.5,11420.2527051141,99.9,719079105.0,7.131918,16372.41
Colombia,2012,29.6,12093.0754939172,97.0,35174755.0,1.7209545,1193.4677
Cyprus,2012,8.6,31924.099609375,100.0,784324.0,6.231036,2.3950515
Czechia,2012,12.8,29465.6074011894,100.0,7696514.0,10.590268,19619.541
Germany,2012,13.6,44229.3941921739,100.0,64657092.0,10.060916,11568.413
Denmark,2012,26.9,44755.1624273018,100.0,4877731.0,7.128379,5303.908
Algeria,2012,0.2,14441.3293398806,98.8,25728190.0,3.6017866,90.20733
Ecuador,2012,13.2,10244.5177816184,97.2,9785703.0,2.4076736,8.386364
Spain,2012,15.8,31869.7839822219,100.0,36878481.0,5.9005117,3831.9521
Estonia,2012,25.0,26242.5282659014,100.0,898943.0,13.429013,32926.87
Finland,2012,38.7,40739.1131809421,100.0,3809602.0,9.448505,9697.429
France,2012,12.3,37671.0239268565,100.0,50666011.0,5.59021,2147.2473
United Kingdom,2012,4.2,38336.5961844419,100.0,51791033.0,7.62153,7055.203
Greece,2012,14.2,24582.9741957507,100.0,8490077.0,8.272102,8567.741
Croatia,2012,29.4,21618.825625842,100.0,2356166.0,4.472641,1720.7826
Hungary,2012,16.5,23205.310668404,100.0,6902313.0,4.7113004,3060.869
Indonesia,2012,30.1,9530.29071136718,96.0,129279032.0,2.041047,2001.2213
India,2012,34.8,4819.64288218731,79.9,403931914.0,1.5070187,2962.3005
Ireland,2012,6.9,46726.2157665366,100.0,2863344.0,8.309304,5716.23
Iraq,2012,1.3,14402.0340893955,99.3,23296629.0,3.9827716,0.0
Iceland,2012,77.7,42004.4476110597,100.0,299917.0,10.90585,3454.3552
Israel,2012,2.9,32483.7421872738,100.0,7256116.0,9.829567,13468.969
Italy,2012,14.4,36281.1014243506,100.0,41388031.0,6.665015,3018.8123
Japan,2012,4.7,37605.9742614539,100.0,116176247.0,10.178457,10585.611
Kazakhstan,2012,1.3,21367.2180595372,100.0,9465070.0,14.172037,25439.867
Kuwait,2012,0.0,82089.726133145,100.0,3337109.0,30.326586,226.53975
Sri Lanka,2012,52.9,10249.1670637714,87.0,3865917.0,0.72696227,250.51102
Lithuania,2012,23.9,23275.2517553588,100.0,1998349.0,4.7030005,909.5138
Luxembourg,2012,4.2,96636.426643956,100.0,474881.0,20.450043,1176.2499
Latvia,2012,40.4,19416.5167382125,100.0,1379943.0,3.6958487,524.2535
Morocco,2012,10.9,7307.6123046875,96.4,19824639.0,1.7074838,1054.4224
Mexico,2012,9.0,18004.7935607542,99.1,89551109.0,4.292929,1277.7632
North Macedonia,2012,18.3,12725.9772893634,99.6,1126869.0,4.1713424,7984.533
Malaysia,2012,2.5,22638.5406944009,99.8,21347750.0,7.180488,6222.74
North America,2012,10.0055359347168,50775.2778839875,100.0,281854605.0,11.919599,9474.521
Netherlands,2012,4.9,47653.3401651371,100.0,14833879.0,9.798995,5624.4644
Norway,2012,56.9,65774.3520746224,100.0,3989293.0,8.819053,1898.5487
New Zealand,2012,28.8,33054.8936751088,100.0,3781167.0,8.141623,4595.079
Oman,2012,0.0,49989.4425093994,100.0,2698928.0,17.790545,101.24863
Pakistan,2012,47.2,4046.59848766311,88.6,73132102.0,0.7249827,293.96585
Peru,2012,30.8,10757.1522234351,91.1,23241010.0,1.5400378,343.54718
Philippines,2012,34.1,6094.26837338658,87.1,48002381.0,0.8732301,938.6382
Poland,2012,10.9,23728.1456821435,100.0,23079281.0,8.517539,15577.268
Portugal,2012,25.5,26476.2182777269,100.0,6428879.0,4.7494764,3219.9072
Qatar,2012,0.0,180939.439450305,100.0,1700784.0,49.15157,27.841078
Romania,2012,21.5,19807.5984490026,97.8,10822575.0,4.457074,4365.6807
Saudi Arabia,2012,0.0,65033.6161818077,100.0,21571304.0,22.38202,33.17389
Singapore,2012,0.5,82107.7270892092,100.0,5312437.0,8.709049,54.70775
Slovenia,2012,20.2,28786.7105517686,100.0,1023682.0,7.677851,7827.3774
Sweden,2012,48.3,45206.9864434727,100.0,8150970.0,4.8959537,2504.8242
Thailand,2012,23.6,14616.6497925392,99.1,31505634.0,3.778261,2758.8203
Turkmenistan,2012,0.0,11035.451277853,99.9,2727711.0,11.52416,0.0
Trinidad and Tobago,2012,0.4,31883.2297483766,100.0,720009.0,32.881195,0.0
Ukraine,2012,2.9,9552.314453125,99.9,31803701.0,6.5879583,10751.132
United States,2012,8.5,51708.3940614082,100.0,253620571.0,16.812391,15257.555
Uzbekistan,2012,1.3,6168.13764755172,99.7,15021881.0,4.061949,456.98874
World,2012,16.8962150785112,14187.1265331167,84.93629043483,3797813052.0,4.854014,6123.7944
South Africa,2012,8.3,12986.7976675307,85.2,33862395.0,8.579701,19102.545
United Arab Emirates,2013,0.1,87526.3254797061,100.0,6458747.0,27.348331,2627.8552
Argentina,2013,8.9,19928.989490167,99.3,38878399.0,4.4507732,350.83237
Australia,2013,9.2,46123.4750962848,100.0,20022958.0,17.121933,22647.434
Austria,2013,34.6,47519.8522796571,100.0,5706762.0,7.989103,4495.8896
Azerbaijan,2013,2.5,17267.5118919538,100.0,5102221.0,3.5308728,4.0419807
Belgium,2013,8.3,43864.1204196838,100.0,9568248.0,9.212671,3665.4644
Bangladesh,2013,37.0,3691.10431102117,61.5,45144971.0,0.41373482,94.29636
Bulgaria,2013,18.2,16893.7689556096,95.3,5224175.0,5.861707,9515.395
Belarus,2013,7.0,19014.0529737698,96.2,7172091.0,6.7781887,1031.6803
Brazil,2013,42.3,15722.3335243701,99.6,169039320.0,2.6782215,965.5807
Canada,2013,22.2,44301.0562529133,100.0,28479956.0,16.11036,6781.227
Switzerland,2013,21.8,61656.4661708516,100.0,5995187.0,5.3370247,191.22287
Chile,2013,30.2,22201.0660684337,99.6,15420023.0,4.6210914,4963.4116
China,2013,11.5,12228.3736084197,100.0,742829499.0,7.2097993,16607.686
Colombia,2013,32.0,12779.8865818318,97.8,35551303.0,1.8730689,1271.679
Cyprus,2013,9.7,30415.7890625,100.0,795699.0,5.5563617,2.3576336
Czechia,2013,13.9,31013.0082933831,100.0,7692475.0,10.152071,18694.838
Germany,2013,13.6,45889.0173022052,100.0,64898125.0,10.263195,11887.708
Denmark,2013,27.0,46869.1932887749,100.0,4915517.0,7.4373164,6708.5737
Algeria,2013,0.1,14370.820661674,99.2,26485182.0,3.6844282,47.834946
Ecuador,2013,11.8,11295.6127804419,98.0,9940111.0,2.5105705,9.261388
Spain,2013,16.9,32613.6891811474,100.0,36810702.0,5.3800054,2828.5532
Estonia,2013,24.5,27831.1526234213,100.0,897455.0,14.897581,36744.69
Finland,2013,38.5,41325.8052072321,100.0,3843951.0,9.508818,10671.223
France,2013,13.4,39583.3520435045,100.0,50979490.0,5.591334,2269.1409
United Kingdom,2013,5.2,39947.5369562562,100.0,52245947.0,7.4175463,6754.6
Greece,2013,16.6,25730.8809006664,100.0,8453651.0,7.4504676,7409.2505
Croatia,2013,32.8,22429.8502256715,100.0,2344151.0,4.337481,1850.8502
Hungary,2013,17.2,24591.6380503055,100.0,6903782.0,4.397312,2687.4316
Indonesia,2013,30.6,9866.01699250847,96.5,132610251.0,1.9285924,1722.6971
India,2013,34.9,5014.3505659078,83.1,413495036.0,1.5398146,3094.3337
Ireland,2013,7.7,48838.7719825525,100.0,2885479.0,8.060807,5145.2095
Iraq,2013,1.5,14668.5432764995,99.0,24501383.0,4.016338,0.0
Iceland,2013,76.8,44409.6689530904,100.0,303097.0,10.771516,3936.5095
Israel,2013,3.3,34827.3647351146,100.0,7392398.0,8.141993,10638.489
Italy,2013,16.3,36459.2950248716,100.0,41800410.0,6.0912943,2595.1045
Japan,2013,5.0,39402.0250988025,100.0,116168233.0,10.271204,11035.061
Kazakhstan,2013,1.2,23754.1341952117,100.0,9669766.0,14.44096,24827.312
Kuwait,2013,0.0,76812.5387330449,100.0,3507844.0,23.675167,908.36664
Sri Lanka,2013,56.9,11252.6311491911,90.2,3794292.0,0.6621668,261.19772
Lithuania,2013,26.3,24889.8726227818,100.0,1984310.0,4.4444146,1057.1086
Luxembourg,2013,5.7,100925.011992241,100.0,488705.0,18.999275,1025.2485
Latvia,2013,39.6,20473.5243706913,100.0,1365527.0,3.660572,419.77066
Morocco,2013,11.6,7542.0986328125,97.2,20241576.0,1.6753621,1032.9792
Mexico,2013,9.2,18170.264789912,99.1,90882630.0,4.1862144,1252.5109
North Macedonia,2013,21.2,13662.7566550362,99.7,1126302.0,3.701642,6725.526
Malaysia,2013,2.8,23160.8924510627,99.6,21872803.0,8.009178,5803.3555
North America,2013,10.3906457230113,52403.75806746,100.0,284017766.0,12.050421,9695.052
Netherlands,2013,5.0,49622.0519614799,100.0,14985352.0,9.720324,5610.5425
Norway,2013,56.6,67377.9262258772,100.0,4062296.0,8.7673025,1777.0775
New Zealand,2013,28.3,36262.704728265,100.0,3807236.0,7.9075756,4013.9377
Oman,2013,0.0,47013.4730934385,100.0,2932615.0,17.107052,136.269
Pakistan,2013,48.1,4173.93858568758,89.3,74786751.0,0.7020431,288.72354
Peru,2013,28.4,11290.5547403874,92.1,23648756.0,1.4326204,343.3712
Philippines,2013,33.1,6372.83382112545,87.5,50151501.0,0.92896587,1139.6853
Poland,2013,11.4,24433.8914344877,100.0,23026993.0,8.409914,16226.716
Portugal,2013,30.2,27966.0874254705,100.0,6393646.0,4.603641,2946.507
Qatar,2013,0.0,169203.349850341,100.0,1894114.0,44.982407,37.219612
Romania,2013,23.1,19678.1108930755,98.1,10773244.0,3.927419,3407.0598
Saudi Arabia,2013,0.0,62202.8859202572,100.0,22819413.0,20.807848,40.996456
Singapore,2013,0.6,83088.3185411658,100.0,5399162.0,8.726994,569.0195
Slovenia,2013,22.5,29634.0657611471,100.0,1030938.0,7.3606315,7549.2705
Sweden,2013,47.3,46098.2321368832,100.0,8249123.0,4.698226,2542.7268
Thailand,2013,23.2,15215.9492506383,99.4,32011507.0,3.776263,2699.3337
Turkmenistan,2013,0.1,11722.8086272577,99.9,2790234.0,10.832779,0.0
Trinidad and Tobago,2013,0.4,31746.2052441651,100.0,722903.0,32.420662,0.0
Ukraine,2013,3.5,10903.8251953125,100.0,31796395.0,6.4504905,10445.043
United States,2013,8.9,53297.3862901595,100.0,255474236.0,17.09857,15689.168
Uzbekistan,2013,1.2,6412.7238692872,99.8,15197230.0,3.7812703,671.82874
World,2013,17.1692464159295,14720.7763726185,85.7106877963555,3882342728.0,4.837743,6136.414
South Africa,2013,7.8,13369.4382039605,85.2,34476291.0,8.343052,18793.617
United Arab Emirates,2014,0.1,87477.7341963514,100.0,6781526.0,26.045097,2785.7908
Argentina,2014,9.8,19487.4181748868,100.0,39322940.0,4.3821793,369.36804
Australia,2014,9.3,47108.5906459966,100.0,20358615.0,16.639103,22118.041
Austria,2014,35.7,48355.4977624407,100.0,5761563.0,7.5058665,4097.1167
Azerbaijan,2014,2.1,17563.6122454385,100.0,5209197.0,3.5660133,2.4746127
Belgium,2014,9.1,45147.6429534057,100.0,9638089.0,8.660123,3539.0159
Bangladesh,2014,35.4,3972.50647733491,62.4,46116983.0,0.4276385,59.19698
Bulgaria,2014,17.1,17990.7621498811,95.9,5169684.0,6.253115,10223.877
Belarus,2014,6.7,19037.8847440186,96.8,7213046.0,6.7245016,1022.565
Brazil,2014,41.7,15827.3081625749,99.7,170939000.0,2.7814436,1018.41486
Canada,2014,22.2,45758.1007297304,100.0,28776424.0,15.853792,6387.037
Switzerland,2014,22.2,63417.0438110319,100.0,6120218.0,4.791576,193.31958
Chile,2014,27.0,22553.6161787372,100.0,15597831.0,4.3431134,4957.28
China,2014,11.9,12941.5964809146,100.0,764815456.0,7.187588,16430.47
Colombia,2014,32.1,13355.3624162195,97.8,35904667.0,1.9766101,1335.0446
Cyprus,2014,9.5,29892.7109375,100.0,806686.0,5.766146,21.45937
Czechia,2014,14.8,32743.489773169,100.0,7693986.0,9.910655,18107.045
Germany,2014,14.0,47938.7968210418,100.0,65252249.0,9.739761,11377.975
Denmark,2014,30.2,47879.5955558233,100.0,4948334.0,6.6571136,5290.3877
Algeria,2014,0.1,14694.143827383,99.3,27265874.0,3.8881397,53.099556
Ecuador,2014,12.2,11835.6091276538,99.0,10089820.0,2.7289972,8.639086
Spain,2014,17.3,33760.9555646369,100.0,36759579.0,5.4292984,2897.2822
Estonia,2014,25.3,29403.6584494815,100.0,897398.0,14.290275,36033.168
Finland,2014,41.2,41547.0984485393,100.0,3877014.0,8.719286,9525.396
France,2014,13.2,40218.1258637776,100.0,51293995.0,5.067184,1657.1896
United Kingdom,2014,6.6,41266.8197795309,100.0,52752909.0,6.764833,5414.156
Greece,2014,16.4,26450.181326726,100.0,8421257.0,7.218808,7169.4487
Croatia,2014,33.6,22706.1799469484,100.0,2330172.0,4.18296,1782.4626
Hungary,2014,15.7,25796.2100959256,100.0,6913324.0,4.424574,2663.6414
Indonesia,2014,29.3,10064.677127417,97.0,135911187.0,1.9238018,1811.9375
India,2014,33.9,5191.59149903249,85.1,422931498.0,1.6368889,3353.768
Ireland,2014,8.8,52640.7843918553,100.0,2912736.0,7.910693,5020.7695
Iraq,2014,1.0,13168.245587417,99.2,25463207.0,3.7623115,0.0
Iceland,2014,77.6,45996.9687476901,100.0,306498.0,10.519396,3188.9778
Israel,2014,3.7,34816.2422460071,100.0,7535046.0,7.6329613,9701.223
Italy,2014,17.1,36665.68576775,100.0,41971609.0,5.7593956,2529.4573
Japan,2014,5.6,39555.4120089198,100.0,116145580.0,9.885529,10869.657
Kazakhstan,2014,1.3,23958.1128890603,100.0,9897380.0,16.790108,24175.588
Kuwait,2014,0.0,68336.5991533112,100.0,3665876.0,20.457846,690.97296
Sri Lanka,2014,54.2,11720.5978110374,92.7,3867905.0,0.79248416,496.91257
Lithuania,2014,27.7,26274.7488764946,100.0,1972409.0,4.379493,902.03577
Luxembourg,2014,6.8,105296.284588232,100.0,503234.0,17.62919,1116.2426
Latvia,2014,40.2,21553.6623204436,100.0,1353152.0,3.5966146,349.35468
Morocco,2014,11.1,7237.27734375,97.3,20626525.0,1.6715473,1372.6989
Mexico,2014,9.8,18820.7991098584,99.2,92202901.0,4.040969,1235.0441
North Macedonia,2014,21.2,14485.1215168988,99.8,1127588.0,3.5872626,6271.161
Malaysia,2014,3.0,24306.5212338415,99.7,22402109.0,7.9832,5814.4937
North America,2014,10.4893842157596,54217.9772444619,100.0,286238881.0,12.008157,9559.55
Netherlands,2014,5.6,49751.3092860822,100.0,15150929.0,9.248505,6183.5015
Norway,2014,55.8,66332.4614374198,100.0,4141211.0,8.754434,1924.883
New Zealand,2014,29.0,37331.3155732447,100.0,3861954.0,7.8265586,3650.2258
Oman,2014,0.0,44235.8336329334,100.0,3077446.0,16.537405,103.86793
Pakistan,2014,47.2,4312.99070040776,90.1,76405820.0,0.7038469,305.08826
Peru,2014,28.6,11517.7371710247,92.9,24091018.0,1.6399359,335.7408
Philippines,2014,32.4,6688.73961232553,89.8,52131818.0,0.9644077,1192.7329
Poland,2014,11.6,25459.7392273761,100.0,22972014.0,8.086096,15028.012
Portugal,2014,30.5,28764.5254955042,100.0,6359152.0,4.607092,2994.12
Qatar,2014,0.0,148389.2001335,100.0,2128111.0,41.3102,215.99533
Romania,2014,24.3,20632.9924390362,98.4,10716350.0,3.973089,3384.7737
Saudi Arabia,2014,0.0,62578.0708415156,100.0,23435055.0,20.177479,54.930088
Singapore,2014,0.6,84555.2446100826,100.0,5469724.0,8.721305,827.8378
Slovenia,2014,22.9,30571.9753019832,100.0,1051269.0,6.5917087,5952.728
Sweden,2014,48.6,46841.4019746739,100.0,8363514.0,4.4742975,2375.4739
Thailand,2014,24.4,15365.3175402829,99.5,32519924.0,3.880686,2960.427
Turkmenistan,2014,0.1,12476.5344358387,100.0,2855104.0,10.336854,0.0
Trinidad and Tobago,2014,0.3,32026.5300957073,100.0,725489.0,32.977737,0.0
Ukraine,2014,3.5,10493.7451171875,100.0,31746426.0,5.605606,8999.945
United States,2014,9.0,55153.3940182967,100.0,257398928.0,17.118917,15507.946
Uzbekistan,2014,1.4,6609.76717277708,99.8,15379536.0,3.5567496,608.02893
World,2014,17.3299951573821,15118.8576050696,86.1955840187905,3964431813.0,4.8045974,6084.3545
South Africa,2014,7.6,13358.9417186608,85.9,35099930.0,8.663356,18719.719
United Arab Emirates,2015,0.1,73986.0636395945,100.0,7172334.0,25.942865,2298.8396
Argentina,2015,9.4,19899.1499275245,99.7,39778119.0,4.4117293,363.73544
Australia,2015,9.4,46464.5867627929,100.0,20690828.0,16.72746,22566.03
Austria,2015,34.8,49549.3162311441,100.0,5838802.0,7.6767116,4395.984
Azerbaijan,2015,2.3,15075.2726347911,100.0,5322292.0,3.5562217,3.5459688
Belgium,2015,9.4,46071.914889496,100.0,9720757.0,8.986653,3435.8813
Bangladesh,2015,33.1,4212.23578089428,74.0,47081010.0,0.48277447,192.19728
Bulgaria,2015,17.9,18896.102861651,96.6,5105682.0,6.7052627,10621.577
Belarus,2015,6.8,18133.5313085883,97.4,7249681.0,6.2006974,907.9337
Brazil,2015,43.7,14821.4383175183,99.7,172822963.0,2.6189272,1016.39
Canada,2015,22.3,44668.0912814303,100.0,29008679.0,15.655382,5960.1587
Switzerland,2015,23.9,65265.04573356,100.0,6261864.0,4.6784573,174.70216
Chile,2015,25.1,22468.3125745547,99.7,15785415.0,4.5312576,4712.7983
China,2015,12.2,13463.3331511105,100.0,791070763.0,7.0609546,15993.4795
Colombia,2015,31.1,13332.0555048211,98.2,36243710.0,1.9379755,1230.148
Cyprus,2015,10.4,31380.19921875,100.0,817557.0,5.7010694,31.721914
Czechia,2015,14.8,34093.0280593748,100.0,7702530.0,9.975821,18040.062
Germany,2015,14.6,48545.400721962,100.0,65919002.0,9.756902,11148.674
Denmark,2015,32.5,48897.2099776611,100.0,4985859.0,6.177417,3736.6948
Algeria,2015,0.1,13807.3515841478,99.4,28071021.0,4.0060844,38.65088
Ecuador,2015,13.1,10877.7507461388,98.8,10241083.0,2.5388634,9.2211895
Spain,2015,16.3,35228.6333036223,100.0,36787581.0,5.7889185,3409.606
Estonia,2015,28.2,29712.6299473728,100.0,900786.0,12.003551,31925.842
Finland,2015,43.2,42257.8593791297,100.0,3907207.0,8.064647,8103.518
France,2015,13.3,40905.1767750994,100.0,51748663.0,5.116293,1575.5642
United Kingdom,2015,7.7,42515.278865824,100.0,53257851.0,6.461413,4241.5757
Greece,2015,17.5,26607.7256796976,100.0,8388288.0,6.924253,6047.6294
Croatia,2015,33.1,23749.636747943,100.0,2307581.0,4.2531147,1683.7755
Hungary,2015,15.6,26937.7320818864,100.0,6905925.0,4.732789,2767.1006
Indonesia,2015,26.6,10027.5372996025,97.5,139204099.0,2.1052775,2033.138
India,2015,33.4,5425.03599091046,88.0,432236104.0,1.6805544,3381.316
Ireland,2015,9.5,71588.2656638378,100.0,2945269.0,8.2329445,5423.8
Iraq,2015,0.8,9334.46604866315,99.4,26262523.0,3.7946744,0.0
Iceland,2015,78.0,49201.0640964553,100.0,310066.0,10.699156,3491.5054
Israel,2015,3.7,35870.7927156301,100.0,7684911.0,7.815259,9316.772
Italy,2015,16.6,37384.3796455406,100.0,41925828.0,5.9635468,2367.226
Japan,2015,6.2,40898.80697396,100.0,116147454.0,9.58534,10983.865
Kazakhstan,2015,1.7,22484.3651382607,100.0,10147137.0,16.757872,17584.764
Kuwait,2015,0.0,45267.3085347452,100.0,3834574.0,24.336504,547.5812
Sri Lanka,2015,51.3,12227.1714849513,94.3,3941575.0,0.8826046,663.09393
Lithuania,2015,29.0,26948.5919371645,100.0,1957088.0,4.4894176,730.0341
Luxembourg,2015,9.1,107859.685999308,100.0,518279.0,16.388624,1003.3566
Latvia,2015,38.1,22543.9183164105,100.0,1342672.0,3.671832,275.40796
Morocco,2015,11.2,7799.09228515625,97.3,20986634.0,1.6903471,1493.7911
Mexico,2015,9.2,19071.4444196466,99.0,93456180.0,3.9598958,1219.5228
North Macedonia,2015,23.9,15034.1677602787,99.9,1129673.0,3.393199,5704.26
Malaysia,2015,3.4,24526.3942716012,99.9,22936988.0,7.554295,6477.0503
North America,2015,10.3923884465868,55636.5538462562,100.0,288361157.0,11.604535,8256.545
Netherlands,2015,5.8,50956.6930942185,100.0,15293155.0,9.584029,7521.099
Norway,2015,56.5,60737.8868132779,100.0,4215111.0,8.7716675,1707.7294
New Zealand,2015,29.3,37513.2963872442,100.0,3924991.0,7.76004,3613.6433
Oman,2015,0.0,36058.1666084788,100.0,3235030.0,16.220999,136.72739
Pakistan,2015,45.9,4480.26313460985,91.0,78011192.0,0.66682756,311.63797
Peru,2015,27.4,11600.3873992867,93.9,24578759.0,1.6154937,309.41922
Philippines,2015,30.8,6894.26702217935,89.1,53872761.0,1.0544406,1282.6761
Poland,2015,11.9,26988.1069013509,100.0,22919591.0,8.167728,14792.312
Portugal,2015,27.2,29608.0071513956,100.0,6332666.0,5.03681,3656.0344
Qatar,2015,0.0,102545.863291279,100.0,2319663.0,38.44141,116.73575
Romania,2015,23.7,21624.5618152909,98.8,10642409.0,3.9276292,3527.2266
Saudi Arabia,2015,0.0,53930.8273872622,100.0,24734561.0,20.835636,34.576347
Singapore,2015,0.7,87156.187383315,100.0,5535002.0,8.940621,855.40967
Slovenia,2015,21.4,31336.2043858881,100.0,1107316.0,6.6305976,6011.1455
Sweden,2015,51.9,48772.0696057277,100.0,8487650.0,4.419636,2357.434
Thailand,2015,22.6,15791.1714762207,99.6,33120388.0,3.9282057,2892.9893
Turkmenistan,2015,0.1,12714.8137240363,100.0,2922035.0,10.150254,0.0
Trinidad and Tobago,2015,0.4,29825.4628753017,100.0,727830.0,31.859777,0.0
Ukraine,2015,4.2,9921.833984375,100.0,31664253.0,4.889162,6945.755
United States,2015,8.9,56849.4697923159,100.0,259289014.0,16.461393,13274.229
Uzbekistan,2015,1.7,6799.57332842183,99.9,15577537.0,3.3618135,480.82062
World,2015,17.4035082673572,15284.7403275048,86.9239995427518,4050109267.0,4.7391157,5849.0586
South Africa,2015,7.6,13397.5234813346,85.3,35854741.0,8.064963,17214.861
United Arab Emirates,2016,0.1,69986.9835675887,100.0,7550995.0,25.235403,2370.3022
Argentina,2016,9.4,20105.761359796,99.9,40206401.0,4.3284545,277.64362
Australia,2016,9.6,47446.2103030951,100.0,21050112.0,16.837934,22197.416
Austria,2016,34.6,52397.8635176674,100.0,5916629.0,7.692762,4056.77
Azerbaijan,2016,1.9,14535.8020210633,100.0,5440710.0,3.5189948,1.401776
Belgium,2016,9.2,48414.5518065681,100.0,9796103.0,8.807806,3248.9526
Bangladesh,2016,30.2,4579.13228682862,75.9,48043194.0,0.5084272,143.24695
Bulgaria,2016,17.7,20745.8472094399,97.3,5044786.0,6.3618603,9291.52
Belarus,2016,6.7,17832.4778855815,98.0,7276827.0,6.125662,996.7277
Brazil,2016,45.4,14309.2061488342,99.7,174663337.0,2.4197884,911.0884
Canada,2016,22.1,46470.6466391109,100.0,29358914.0,15.231254,5876.2534
Switzerland,2016,24.1,67350.7518747757,100.0,6420062.0,4.6836095,158.87415
Chile,2016,24.6,23256.5036042211,100.0,16007681.0,4.6121125,4722.1475
China,2016,12.6,14157.2514988004,100.0,816574579.0,6.9428844,15438.011
Colombia,2016,30.5,14026.8399931053,98.4,36623480.0,1.9306005,1339.5945
Cyprus,2016,10.3,35246.90234375,100.0,828402.0,5.9411874,4.174593
Czechia,2016,14.8,36445.0485732064,100.0,7710736.0,10.125045,18160.54
Germany,2016,14.2,51569.9016841199,100.0,66566371.0,9.642186,10753.189
Denmark,2016,32.0,51820.9521305491,100.0,5023465.0,6.44471,4290.6
Algeria,2016,0.1,13437.8460232169,99.4,28895912.0,3.8752885,13.95006
Ecuador,2016,14.8,10881.4890706732,98.7,10396808.0,2.3855908,5.3311934
Spain,2016,16.7,37612.7188681342,100.0,36869920.0,5.554019,2612.0881
Estonia,2016,27.2,31947.7769107437,100.0,904264.0,13.248403,33487.426
Finland,2016,42.4,44562.4011072067,100.0,3935507.0,8.598358,9266.02
France,2016,14.2,42880.2351355431,100.0,52445087.0,5.1545954,1528.94
United Kingdom,2016,7.7,44085.2025586772,100.0,53812829.0,6.061766,2142.4353
Greece,2016,16.4,27504.5497984948,100.0,8374255.0,6.6223903,4704.3833
Croatia,2016,31.8,25802.6823323622,100.0,2288734.0,4.370736,1830.3024
Hungary,2016,15.3,28178.9450366919,100.0,6878029.0,4.794759,2599.9116
Indonesia,2016,27.8,10262.5951651871,97.6,142402781.0,2.0707185,2056.9153
India,2016,33.0,5800.48149366552,89.6,441688342.0,1.7504745,3413.603
Ireland,2016,8.6,73012.8198720374,100.0,2987319.0,8.492474,5155.018
Iraq,2016,0.9,9079.13531769496,99.7,26895031.0,3.9805984,0.0
Iceland,2016,80.9,53480.3971946764,100.0,314582.0,10.411099,4006.4382
Israel,2016,4.0,38189.1610278241,100.0,7835781.0,7.4499764,7810.1006
Italy,2016,16.1,40482.562999856,100.0,41838346.0,5.9216995,2099.519
Japan,2016,6.4,40596.9686628995,100.0,116216245.0,9.436406,10973.467
Kazakhstan,2016,2.1,23023.0872293899,100.0,10420907.0,16.431355,20215.553
Kuwait,2016,0.0,41862.1739255505,100.0,4004096.0,25.978886,646.5447
Sri Lanka,2016,45.1,13078.5605089072,97.5,4024359.0,1.0195531,696.1886
Lithuania,2016,31.5,28698.9887868061,100.0,1933258.0,4.5664067,749.0911
Luxembourg,2016,13.5,113365.176082265,100.0,532751.0,15.556185,1015.08954
Latvia,2016,38.5,24063.4511245109,100.0,1331127.0,3.6791766,242.78908
Morocco,2016,11.1,7853.17626953125,97.8,21352319.0,1.6690949,1422.3594
Mexico,2016,9.2,20104.5839787472,99.5,94672068.0,3.9167483,1183.0814
North Macedonia,2016,21.4,16457.5652245258,100.0,1132013.0,3.368327,5194.739
Malaysia,2016,4.4,25285.8213541391,99.9,23479511.0,7.4644914,6852.7534
North America,2016,10.724670511025,56828.1260389573,100.0,290519227.0,11.248586,7536.8228
Netherlands,2016,5.6,53162.2791598028,100.0,15426114.0,9.579465,6932.863
Norway,2016,57.7,59280.1992028829,100.0,4275555.0,8.538622,1738.0208
New Zealand,2016,30.1,39988.9250855472,100.0,3992436.0,7.2400074,2926.1536
Oman,2016,0.0,33333.8635893722,100.0,3414001.0,15.0857725,145.88876
Pakistan,2016,43.7,4630.7315068374,91.8,79601595.0,0.80286133,334.20093
Peru,2016,27.2,12066.5460683317,94.2,25131264.0,1.7072773,325.50574
Philippines,2016,28.6,7382.66758431792,92.0,55408086.0,1.1262923,1425.8599
Poland,2016,11.3,28359.6927346266,100.0,22873267.0,8.449371,15044.967
Portugal,2016,29.0,31589.2695609552,100.0,6312393.0,4.8626604,3199.0889
Qatar,2016,0.1,89934.66888248,100.0,2451983.0,35.153873,115.170586
Romania,2016,24.4,23905.1743665679,99.1,10551119.0,3.8725147,3154.1091
Saudi Arabia,2016,0.0,49937.0668103808,99.9,25731955.0,20.873049,27.844181
Singapore,2016,0.7,89901.8159165036,100.0,5607283.0,8.802539,888.21027
Slovenia,2016,21.0,33575.1775435757,100.0,1107839.0,7.0186086,6420.713
Sweden,2016,50.9,50289.7687144136,100.0,8633084.0,4.3643203,2281.0935
Thailand,2016,22.4,16671.2506902144,99.9,33927770.0,4.008554,2935.7998
Turkmenistan,2016,0.1,12919.371222426,100.0,2990663.0,9.762661,0.0
Trinidad and Tobago,2016,0.4,28231.6820670092,100.0,730125.0,27.742865,0.0
Ukraine,2016,5.5,10864.6572265625,100.0,31571512.0,5.1320014,8273.119
United States,2016,9.3,57976.628204291,100.0,261096864.0,15.934658,12032.165
Uzbekistan,2016,1.6,6919.29475621804,99.9,15847892.0,3.5109115,558.249
World,2016,17.6281084915531,15739.2238285183,88.1044791994569,4132876461.0,4.6824865,5658.2017
South Africa,2016,7.8,13519.3235102376,83.9,36231037.0,7.9820704,18338.496
United Arab Emirates,2017,0.2,70281.8889504211,100.0,7810843.0,21.278515,2681.3284
Argentina,2017,10.4,23385.0740904917,100.0,40602996.0,4.223813,282.80875
Australia,2017,9.9,48564.8286592372,100.0,21427053.0,16.71615,21087.908
Austria,2017,34.0,53869.8321183556,100.0,5973998.0,7.9103565,4155.639
Azerbaijan,2017,1.9,14315.9296431061,100.0,5560945.0,3.480789,1.1564193
Belgium,2017,9.7,50256.0631772784,100.0,9859210.0,8.726891,3170.5554
Bangladesh,2017,28.1,4882.60692615639,88.0,48982779.0,0.53352815,154.86609
Bulgaria,2017,17.1,22317.2548948063,98.1,4993096.0,6.705518,10034.475
Belarus,2017,7.3,18413.747563367,98.7,7285391.0,6.2600746,1031.242
Brazil,2017,45.3,14559.0488897884,99.8,176450869.0,2.429146,953.93964
Canada,2017,22.8,48317.3874457163,100.0,29748383.0,15.394822,5959.254
Switzerland,2017,25.0,68193.5055940262,100.0,6585051.0,4.522791,151.47997
Chile,2017,24.1,24295.223766602,99.7,16294692.0,4.533392,4832.712
China,2017,13.1,15022.4371883124,100.0,841083668.0,7.080384,15516.954
Colombia,2017,32.2,14400.6139849314,98.5,37168994.0,1.7339902,1006.1719
Cyprus,2017,10.9,37768.1171875,100.0,838994.0,5.955064,27.656723
Czechia,2017,14.5,39346.030564257,100.0,7724636.0,10.220285,17766.04
Germany,2017,15.2,54110.2536648812,100.0,66939157.0,9.441122,10058.837
Denmark,2017,35.0,55271.5976002659,100.0,5074116.0,6.0127726,3186.1675
Algeria,2017,0.1,13493.560749484,99.5,29733972.0,3.9638858,50.772263
Ecuador,2017,17.0,11793.4797426944,99.2,10561758.0,2.3387234,5.6491613
Spain,2017,15.2,39825.2498116292,100.0,37008446.0,5.83512,3337.198
Estonia,2017,27.5,34506.6486942506,100.0,908905.0,14.13057,38181.504
Finland,2017,44.4,47234.8528600939,100.0,3963507.0,8.107076,8468.08
France,2017,14.1,44469.1458856805,100.0,52628868.0,5.182955,1670.3159
United Kingdom,2017,8.8,46113.0211677324,100.0,54244275.0,5.8378453,1721.4606
Greece,2017,16.4,28681.6815585005,100.0,8376769.0,6.959737,5187.1094
Croatia,2017,29.8,27887.7588440919,100.0,2259186.0,4.5874524,1118.5641
Hungary,2017,14.6,29728.0121568801,100.0,6852913.0,5.050634,2671.7102
Indonesia,2017,25.2,10687.6409218443,98.1,145581221.0,2.1355352,2117.5095
India,2017,32.5,6144.71714444938,91.8,451163324.0,1.7840685,3484.081
Ireland,2017,10.1,80450.3529336506,100.0,3036633.0,8.116082,4337.497
Iraq,2017,0.5,10191.6616988639,99.9,27494627.0,4.257336,0.0
Iceland,2017,80.8,55638.4920591794,100.0,322013.0,10.511092,3881.1929
Israel,2017,3.9,39470.8681262164,100.0,7987491.0,7.037854,6959.37
Italy,2017,16.4,42142.3435406885,100.0,41712413.0,5.8397813,1841.182
Japan,2017,6.9,41444.2157443912,100.0,116242665.0,9.321171,11143.642
Kazakhstan,2017,2.0,23973.0602295651,100.0,10717147.0,17.034184,21827.207
Kuwait,2017,0.0,46565.5499504554,100.0,4154812.0,24.071701,471.62845
Sri Lanka,2017,45.8,13610.4723136618,97.5,4108415.0,1.0036424,715.3963
Lithuania,2017,33.8,31305.0436934372,100.0,1907448.0,4.6927924,814.29645
Luxembourg,2017,15.3,114985.842235989,100.0,549204.0,15.508656,918.61456
Latvia,2017,42.6,25763.9907709703,100.0,1320159.0,3.714261,247.23465
Morocco,2017,10.4,8115.12060546875,100.0,21720169.0,1.7238358,1460.8297
Mexico,2017,10.1,20488.7150800441,100.0,95907379.0,3.7634232,1432.356
North Macedonia,2017,19.0,17161.049071447,100.0,1134329.0,3.6529996,5737.5557
Malaysia,2017,5.2,26415.5960203287,100.0,24019368.0,7.5553155,7460.9917
North America,2017,11.2091690751112,58871.9595951654,100.0,292411383.0,11.042576,7333.724
Netherlands,2017,6.4,56037.567993606,100.0,15610374.0,9.372927,6177.8745
Norway,2017,58.9,64589.5559196863,100.0,4325529.0,8.375709,1802.8635
New Zealand,2017,28.4,42243.5084459397,100.0,4051612.0,7.4097495,3020.3877
Oman,2017,0.0,33619.4988982607,100.0,3553427.0,14.621537,194.71404
Pakistan,2017,42.1,4789.53646557553,92.7,81350216.0,0.9494198,421.52493
Peru,2017,27.6,12591.8562879234,94.8,25746711.0,1.7470704,278.22437
Philippines,2017,27.8,7773.79853599024,93.0,56872092.0,1.235442,1664.5835
Poland,2017,11.1,30170.2818974087,100.0,22840296.0,8.796377,15132.133
Portugal,2017,24.4,32970.8395386562,100.0,6296540.0,5.339853,3655.3289
Qatar,2017,0.1,99358.3733880435,100.0,2521151.0,39.034973,120.63266
Romania,2017,23.4,26943.3085419885,100.0,10453491.0,4.0342684,3174.8083
Saudi Arabia,2017,0.0,53120.4572456269,100.0,25804351.0,20.936852,43.517216
Singapore,2017,0.7,95744.1821600957,100.0,5612253.0,8.939904,1864.0085
Slovenia,2017,19.7,36180.0384547624,100.0,1141578.0,7.097131,6397.619
Sweden,2017,51.8,51474.1199115161,100.0,8774072.0,4.211175,2247.1758
Thailand,2017,22.2,17573.339815536,99.9,35033012.0,3.9818282,2935.022
Turkmenistan,2017,0.1,13278.4030353381,100.0,3060498.0,9.675111,0.0
Trinidad and Tobago,2017,0.4,28484.2557157494,100.0,731623.0,27.882011,0.0
Ukraine,2017,6.5,11536.0810546875,100.0,31470506.0,4.914332,6592.87
United States,2017,9.7,60047.7190728307,100.0,262599422.0,15.639208,11597.046
Uzbekistan,2017,1.7,7818.01112977426,100.0,16125558.0,3.4219267,518.2952
World,2017,17.8541835016377,16435.1099509885,88.9317628469647,4212234249.0,4.705259,5653.7407
South Africa,2017,7.9,13738.4385854596,84.4,36500987.0,7.6344075,17922.13
United Arab Emirates,2018,0.3,77446.2269929923,100.0,7931627.0,21.8367,2389.2778
Argentina,2018,10.5,24410.3919063335,100.0,40978889.0,4.0865293,307.00226
Australia,2018,9.8,50371.233830782,100.0,21774643.0,16.512163,20258.863
Austria,2018,34.1,56636.4953030542,100.0,6020808.0,7.5287404,3651.4622
Azerbaijan,2018,1.9,15282.9995232298,100.0,5683974.0,3.4439225,0.84109837
Belgium,2018,10.7,52466.7330784599,100.0,9928778.0,8.772404,3138.89
Bangladesh,2018,27.0,5490.15881865179,86.9,49903270.0,0.52963835,174.70822
Bulgaria,2018,19.6,23997.6876896184,98.7,4939162.0,6.192869,9031.439
Belarus,2018,7.2,20025.9815543598,99.3,7287995.0,6.558066,1549.4348
Brazil,2018,46.9,15463.7426393743,99.7,178163387.0,2.3123908,926.5976
Canada,2018,22.3,49982.5999118346,100.0,30232734.0,15.420052,4852.173
Switzerland,2018,24.2,70688.8187491194,100.0,6751200.0,4.3381386,139.92708
Chile,2018,25.5,25305.0903462611,100.0,16618838.0,4.469476,4581.6353
China,2018,13.5,16298.2050619109,100.0,862700183.0,7.2915606,15751.941
Colombia,2018,30.4,15239.4049488277,98.5,37886343.0,1.8523545,927.34503
Cyprus,2018,12.0,40262.30859375,100.0,849177.0,5.763717,124.573586
Czechia,2018,14.7,41638.1831076596,100.0,7743889.0,10.0789385,17633.31
Germany,2018,16.0,56273.0405627017,100.0,67271661.0,9.101415,9676.196
Denmark,2018,34.6,57233.6231685618,100.0,5104540.0,5.973422,3240.1475
Algeria,2018,0.2,13727.1266357859,99.6,30563352.0,4.104483,136.80733
Ecuador,2018,16.3,12186.8846084388,98.7,10748602.0,2.2552624,19.008587
Spain,2018,16.9,41015.1565755187,100.0,37218835.0,5.701944,2845.909
Estonia,2018,28.6,37120.9879761677,100.0,915870.0,13.465254,37175.773
Finland,2018,44.2,49248.6775395866,100.0,3990060.0,8.291922,8862.18
France,2018,15.2,46381.0590629457,100.0,52834442.0,4.93138,1529.3868
United Kingdom,2018,10.2,47212.2045190522,100.0,54653004.0,5.6886244,1444.3698
Greece,2018,17.9,29792.0592519585,100.0,8376914.0,6.6889496,5104.435
Croatia,2018,32.8,29789.1305400916,100.0,2237430.0,4.396296,1055.5012
Hungary,2018,13.6,32258.2577892511,100.0,6840612.0,5.0505667,2526.8538
Indonesia,2018,22.0,11372.0971987612,98.5,148731816.0,2.249951,2429.0605
India,2018,32.9,6714.96639877754,95.7,460489278.0,1.8879061,3623.8816
Ireland,2018,10.8,86299.3420216976,100.0,3089890.0,7.9880743,3366.8245
Iraq,2018,0.5,12034.4011214944,99.9,28136215.0,4.62321,0.0
Iceland,2018,81.4,57197.7676247175,100.0,331038.0,10.387562,3778.647
Israel,2018,3.8,40189.9909957069,100.0,8140697.0,7.04882,6437.242
Italy,2018,17.1,43386.7005868803,100.0,41791290.0,5.790691,1692.0872
Japan,2018,7.3,42141.9352987758,100.0,116206724.0,8.971074,10925.536
Kazakhstan,2018,1.9,25096.1285862615,100.0,11026194.0,17.407537,22364.543
Kuwait,2018,0.0,51370.7320595252,100.0,4323515.0,23.697384,631.9372
Sri Lanka,2018,47.9,14178.0225361887,99.6,4187534.0,0.90489626,686.1957
Lithuania,2018,33.7,36491.9385223689,100.0,1892993.0,4.7866178,877.2864
Luxembourg,2018,16.0,116638.414163882,100.0,563393.0,15.714555,798.6542
Latvia,2018,41.0,29817.8047263182,100.0,1310787.0,4.0689178,292.3922
Morocco,2018,10.9,7801.0986328125,98.1,22066391.0,1.7387096,1671.1162
Mexico,2018,10.3,20921.4775277572,99.5,97201282.0,3.760188,1264.6765
North Macedonia,2018,20.9,18460.4624451227,99.8,1136416.0,3.4660208,5234.6284
Malaysia,2018,5.3,27793.5674222948,100.0,24539557.0,7.9805346,7867.9897
North America,2018,11.3114262085469,61572.5505918721,100.0,294041610.0,11.245828,6898.6562
Netherlands,2018,7.4,58819.2609142584,100.0,15957560.0,9.084534,5515.284
Norway,2018,58.9,70253.8463693386,100.0,4368797.0,8.37238,1749.0526
New Zealand,2018,28.9,42527.2784103301,100.0,4106790.0,7.281771,3197.9858
Oman,2018,0.0,37780.3308327271,100.0,3630740.0,15.37186,188.42813
Pakistan,2018,43.4,4979.3734961655,93.4,83391491.0,0.8967553,584.31396
Peru,2018,27.9,13078.2323503405,95.2,26374675.0,1.7560439,246.59387
Philippines,2018,27.6,8357.74357934219,94.2,58245264.0,1.2776358,1736.9788
Poland,2018,15.1,32345.1066076225,100.0,22805102.0,8.779007,15145.374
Portugal,2018,27.5,34896.7993382974,100.0,6285812.0,4.972253,3067.0605
Qatar,2018,0.0,110032.839882747,100.0,2556877.0,37.166264,169.05215
Romania,2018,23.0,29382.7567479407,99.8,10349358.0,4.075668,3042.2473
Saudi Arabia,2018,0.0,59377.8025368768,99.9,25205090.0,21.47873,36.70276
Singapore,2018,0.8,103963.36329269,100.0,5638676.0,8.927358,985.4102
Slovenia,2018,20.6,38620.2045436305,100.0,1144610.0,7.03719,6232.9023
Sweden,2018,51.6,53122.438677218,100.0,8900641.0,4.1134505,2212.3381
Thailand,2018,23.7,18876.2208766741,99.8,38960186.0,4.039237,3119.6692
Turkmenistan,2018,0.1,14368.4621432532,100.0,3130918.0,9.210645,0.0
Trinidad and Tobago,2018,0.5,28673.2413951653,100.0,733033.0,27.410236,0.0
Ukraine,2018,6.9,12554.8486328125,100.0,31336915.0,5.1295204,7217.1543
United States,2018,9.9,62875.6661382728,100.0,263745045.0,16.000992,11011.453
Uzbekistan,2018,1.5,8128.75520303523,100.0,16374996.0,3.160928,729.7431
World,2018,18.1052270747944,17300.0026687715,89.7973878560124,4291287536.0,4.752195,5678.898
South Africa,2018,8.0,13347.3634826038,84.7,37147252.0,7.7417293,16724.281
United Arab Emirates,2019,0.7,79816.3010904406,100.0,8031735.0,21.75957,2203.959
Argentina,2019,10.7,23516.8261980886,100.0,41311179.0,4.011869,180.63899
Australia,2019,10.3,52885.8313816377,100.0,22117801.0,16.28262,19088.254
Austria,2019,34.0,60354.9279422121,100.0,6066549.0,7.651411,3822.2224
Azerbaijan,2019,1.7,16675.3179361558,100.0,5827198.0,3.734001,0.7610363
Belgium,2019,10.2,56712.469571978,100.0,10006461.0,8.685232,3126.3245
Bangladesh,2019,26.1,6047.12401504125,92.2,50830886.0,0.57489496,291.45605
Bulgaria,2019,19.3,26765.7192049867,99.2,4877601.0,6.0490556,8480.807
Belarus,2019,7.8,22301.5932411839,100.0,7296081.0,6.5890727,1639.345
Brazil,2019,47.5,16069.838015161,99.8,179821975.0,2.2979572,865.3058
Canada,2019,22.4,50498.9731057448,100.0,30747991.0,15.324565,4477.0063
Switzerland,2019,24.8,73732.2353322093,100.0,6927050.0,4.2928753,124.35599
Chile,2019,25.3,25611.7578269458,100.0,16918467.0,4.7910333,4536.187
China,2019,14.3,17600.8907568493,100.0,882795695.0,7.5260706,16102.5
Colombia,2019,31.5,16181.5908990662,99.4,38658502.0,1.9828873,1074.8174
Cyprus,2019,12.0,44393.9921875,100.0,859081.0,5.692592,151.04794
Czechia,2019,15.9,45614.0171132532,100.0,7767803.0,9.568804,15856.4795
Germany,2019,17.1,59270.7276496985,100.0,67559064.0,8.480803,7470.367
Denmark,2019,37.2,60594.966400191,100.0,5128881.0,5.3228407,1818.7543
Algeria,2019,0.2,13892.5333446205,99.5,31380950.0,4.2135787,110.94214
Ecuador,2019,17.7,12543.0148243925,99.1,10935088.0,2.3115683,5.7397633
Spain,2019,16.7,44042.757577336,100.0,37522807.0,5.284558,1243.4685
Estonia,2019,31.3,40586.3784378888,100.0,923239.0,9.261298,26985.354
Finland,2019,45.4,52276.1115723992,100.0,4016589.0,7.686688,7433.679
France,2019,15.5,51130.4723140578,100.0,53022323.0,4.812466,1208.3329
United Kingdom,2019,11.4,50064.9605582187,100.0,55083809.0,5.4350777,1026.8496
Greece,2019,18.5,31927.3792151369,100.0,8383077.0,6.132932,3468.308
Croatia,2019,31.6,33063.9101734438,100.0,2223635.0,4.470374,1229.1891
Hungary,2019,13.6,35627.2315520858,100.0,6830636.0,5.0314445,2188.9695
Indonesia,2019,19.8,11986.4701508376,98.9,151880690.0,2.440643,2940.4124
India,2019,33.5,7150.92423452926,95.9,469686125.0,1.8798543,3591.7312
Ireland,2019,12.3,92022.59879983,100.0,3148788.0,7.540263,2379.8127
Iraq,2019,0.9,12248.5917385964,100.0,28780286.0,4.655681,0.0
Iceland,2019,81.7,60523.8179440825,100.0,338847.0,9.849048,3619.415
Israel,2019,4.5,41325.1783656756,100.0,8294858.0,6.809169,6687.735
Italy,2019,17.3,46661.9105159611,100.0,41514698.0,5.6483817,1281.4473
Japan,2019,7.8,42678.1511448354,100.0,116143255.0,8.698248,10754.539
Kazakhstan,2019,1.9,28689.2710838374,100.0,11349629.0,15.411059,20870.842
Kuwait,2019,0.1,50703.0001343301,100.0,4442316.0,23.559092,496.93457
Sri Lanka,2019,46.1,14112.952504221,99.8,4250415.0,0.9417696,727.20953
Lithuania,2019,33.5,40563.8304884555,100.0,1890337.0,4.8826694,825.94196
Luxembourg,2019,16.4,121371.73990307,100.0,578207.0,15.721521,858.10034
Latvia,2019,41.5,32199.0960377091,100.0,1302668.0,3.9876633,249.00742
Morocco,2019,10.7,8046.22900390625,99.6,22393922.0,1.8984194,2139.893
Mexico,2019,10.3,20964.2774847072,99.6,98542822.0,3.7231612,1196.0184
North Macedonia,2019,17.0,20222.5954834227,100.0,1137553.0,4.0179386,6275.9355
Malaysia,2019,5.7,28933.928297233,100.0,25026197.0,8.303469,7318.326
North America,2019,11.5807525012806,63726.4133389726,100.0,295423957.0,10.953225,5921.211
Netherlands,2019,8.6,62345.2538465433,100.0,16285068.0,8.708599,4259.126
Norway,2019,59.8,70939.605518036,100.0,4411671.0,8.015733,1696.8948
New Zealand,2019,28.0,45278.4587226734,100.0,4165358.0,7.357706,3336.686
Oman,2019,0.0,37250.6110788359,100.0,3653618.0,15.689613,212.39487
Pakistan,2019,45.9,5037.53401559745,93.9,85648282.0,0.8267986,618.13245
Peru,2019,27.1,13563.5372933551,95.6,26966442.0,1.8079982,252.2559
Philippines,2019,26.9,8924.10116402887,95.3,59519606.0,1.2869601,1834.8615
Poland,2019,15.6,35882.3655065553,100.0,22765093.0,8.304427,13500.757
Portugal,2019,28.2,37865.5603564295,100.0,6286442.0,4.6004105,1403.6346
Qatar,2019,0.1,107502.567853627,100.0,2615415.0,36.251686,147.38676
Romania,2019,23.5,33425.326172666,100.0,10246281.0,3.9325275,2962.8948
Saudi Arabia,2019,0.0,59560.2537904546,100.0,25145200.0,23.244812,38.478832
Singapore,2019,0.9,105335.291974111,100.0,5703569.0,8.642643,939.2733
Slovenia,2019,20.9,42373.2506369279,100.0,1158058.0,6.7451043,5853.076
Sweden,2019,52.9,57046.4463076951,100.0,9015493.0,3.9665341,2190.301
Thailand,2019,23.9,19963.3918407099,99.9,39999986.0,3.9411147,2774.7007
Turkmenistan,2019,0.1,15477.7237643978,99.9,3201219.0,9.149726,0.0
Trinidad and Tobago,2019,0.4,29315.8054064667,100.0,735655.0,27.446016,0.0
Ukraine,2019,7.4,14217.486328125,100.0,31179240.0,4.942182,6745.5757
United States,2019,10.2,65227.9565911035,100.0,264611859.0,15.500492,9326.681
Uzbekistan,2019,1.6,8544.08026729718,100.0,16677505.0,3.2746303,634.4015
World,2019,18.5751641385934,18139.33276478,90.1083920202658,4366527368.0,4.7478137,5585.197
South Africa,2019,8.7,13361.4851289112,85.0,37786302.0,7.899718,17532.895
United Arab Emirates,2020,0.9,66790.6822664754,100.0,8009264.0,22.783035,2618.0146
Argentina,2020,9.8,22393.3479575353,100.0,41551256.0,3.6425223,221.6174
Australia,2020,11.2,54184.1614486854,100.0,22384444.0,15.481285,18183.197
Austria,2020,35.8,58523.0337816246,100.0,6111709.0,6.969737,3254.1807
Azerbaijan,2020,1.3,15163.5703327282,100.0,5883630.0,3.559036,0.45288065
Belgium,2020,12.3,56120.0958420466,100.0,10072797.0,7.9076037,2412.732
Bangladesh,2020,27.2,6640.58437331062,96.2,51746778.0,0.5756478,314.77722
Bulgaria,2020,21.1,27351.8607448601,99.7,4803232.0,5.274422,6972.1484
Belarus,2020,8.4,24872.3066744528,100.0,7296574.0,6.322667,1040.9977
Brazil,2020,50.0,16101.6183062954,99.7,181349681.0,2.1470218,777.7955
Canada,2020,23.9,48590.6832121939,100.0,31164845.0,13.732821,3829.4673
Switzerland,2020,26.4,72997.8239503282,100.0,7112812.0,3.974646,118.947754
Chile,2020,26.7,25350.8635082972,100.0,17103360.0,4.1391664,3776.1191
China,2020,14.9,18267.4783455827,100.0,896379022.0,7.64075,16410.105
Colombia,2020,32.0,15519.2101694656,99.7,39308245.0,1.8231317,937.7812
Cyprus,2020,15.0,42569.0546875,100.0,868834.0,5.300958,124.49054
Czechia,2020,17.0,44839.4822099455,100.0,7780070.0,8.688184,13785.167
Germany,2020,18.5,58685.872699771,100.0,67751166.0,7.738692,6156.5767
Denmark,2020,39.5,62682.2899474389,100.0,5145599.0,4.8528743,1596.481
Algeria,2020,0.1,12676.5130564294,99.7,32174559.0,3.8857946,34.592587
Ecuador,2020,20.2,11526.8013009278,98.9,11067600.0,1.8507442,15.999789
Spain,2020,19.3,39327.8479269599,100.0,37743362.0,4.441423,721.19147
Estonia,2020,40.4,40672.1340402132,100.0,929091.0,6.917664,21890.736
Finland,2020,47.3,53296.5792798852,100.0,4041263.0,6.82145,5683.7383
France,2020,16.8,49481.8044309655,100.0,53210127.0,4.271517,849.4367
United Kingdom,2020,13.6,48230.0477027461,100.0,55330777.0,4.84416,932.455
Greece,2020,20.1,29533.087740299,100.0,8377718.0,5.1944113,1990.2908
Croatia,2020,32.4,31594.0111922141,100.0,2212641.0,4.2666397,1062.392
Hungary,2020,14.8,35583.5855675637,100.0,6797505.0,4.831583,2009.8542
Indonesia,2020,21.9,11729.3674458448,97.0,154661763.0,2.268087,2785.0745
India,2020,36.1,6966.27542785911,96.5,478694801.0,1.7272933,3361.338
Ireland,2020,13.7,97799.9225748607,100.0,3198795.0,7.0349927,2018.9053
Iraq,2020,1.1,10573.9304750715,100.0,29426163.0,4.086228,0.0
Iceland,2020,82.9,55796.7454667632,100.0,344976.0,9.107118,2621.8328
Israel,2020,5.6,40955.2856179152,100.0,8439082.0,6.7366834,5735.025
Italy,2020,18.7,44435.6434393527,100.0,41321146.0,5.0506783,982.56506
Japan,2020,8.5,42425.6946789651,100.0,115883599.0,8.212569,10061.016
Kazakhstan,2020,1.8,29039.8229624509,100.0,11686761.0,14.463993,19468.447
Kuwait,2020,0.1,41461.7235642777,100.0,4400267.0,20.477186,126.34676
Sri Lanka,2020,49.3,12940.9043295749,100.0,4309755.0,0.9047328,867.986
Lithuania,2020,31.7,41262.7276941725,100.0,1894904.0,4.8285885,644.36255
Luxembourg,2020,20.8,122066.739147202,100.0,591712.0,12.795942,708.9797
Latvia,2020,43.8,32741.4207691987,100.0,1294607.0,3.681657,150.49617
Morocco,2020,11.1,7704.84912109375,100.0,22716358.0,1.764199,2182.043
Mexico,2020,12.3,19354.1248706244,99.4,99762910.0,3.382808,524.3809
North Macedonia,2020,20.0,19962.1482468276,100.0,1135193.0,3.7285478,4704.7573
Malaysia,2020,7.0,27474.7361378236,100.0,25434516.0,7.735682,8500.898
North America,2020,12.4628823400948,62778.6348403293,100.0,296482954.0,9.761333,4713.6426
Netherlands,2020,10.7,62596.6302027524,100.0,16439177.0,7.7664127,2708.9927
Norway,2020,60.9,67110.6045705502,100.0,4448987.0,7.672967,1668.7388
New Zealand,2020,28.7,45513.3123768343,100.0,4251376.0,6.727745,3108.5457
Oman,2020,0.1,35163.3281781415,100.0,3618795.0,15.886151,248.0363
Pakistan,2020,42.7,5048.0213062963,94.5,88144500.0,0.91705513,671.7611
Peru,2020,31.6,12563.3038060893,96.2,27428996.0,1.4384526,181.04214
Philippines,2020,29.1,8238.36802037457,96.4,60644675.0,1.1728759,1820.6619
Poland,2020,16.1,37089.3004256812,100.0,22462109.0,7.914448,12533.299
Portugal,2020,31.3,35966.712796561,100.0,6291955.0,4.024692,634.4192
Qatar,2020,0.0,82149.4569875883,100.0,2770727.0,36.145443,26.711891
Romania,2020,24.1,34193.8374521868,100.0,10135823.0,3.81315,2151.4304
Saudi Arabia,2020,0.1,47518.4877485153,100.0,26443034.0,21.088715,33.176666
Singapore,2020,0.9,101518.31798444,100.0,5685807.0,8.309385,896.2309
Slovenia,2020,22.7,41767.2579899957,100.0,1164412.0,6.1229367,5585.7793
Sweden,2020,57.8,57489.2657196219,100.0,9105066.0,3.5371203,1797.617
Thailand,2020,20.9,19163.7415152349,100.0,41004632.0,3.7956123,2961.7375
Turkmenistan,2020,0.1,15090.9394971778,100.0,3270260.0,9.051186,0.0
Trinidad and Tobago,2020,0.5,26731.3556410029,100.0,737181.0,23.661348,0.0
Ukraine,2020,8.7,15541.02734375,100.0,31000741.0,4.635197,5946.9688
United States,2020,11.0,64401.5074354209,100.0,265253727.0,13.8168955,7530.669
Uzbekistan,2020,1.0,8451.72505108114,100.0,17050807.0,3.2197232,853.2942
World,2020,19.7355641050053,17911.4905983176,90.3956876080963,4433420561.0,4.4577436,5365.3247
South Africa,2020,9.8,12671.0862436851,90.0,38419145.0,7.1875925,16886.506
United Arab Emirates,2021,1.0,68580.1485423483,100.0,8173081.0,21.67451,3080.3767
Argentina,2021,9.2,26300.274261175,100.0,41700565.0,4.1974697,310.12344
Australia,2021,12.3,58327.4146842325,100.0,22406757.0,14.96633,17432.15
Austria,2021,36.0,62968.9422311892,100.0,6159224.0,7.3325477,3363.6277
Azerbaijan,2021,1.3,20111.3756952109,100.0,5916999.0,3.7422564,0.15199326
Belgium,2021,11.7,60669.2137746531,100.0,10129875.0,8.204076,2660.078
Bangladesh,2021,25.0,7441.06913961254,99.0,52643565.0,0.58768314,252.36351
Bulgaria,2021,20.4,30959.1118459807,99.8,4772895.0,6.1601954,8862.936
Belarus,2021,8.2,27611.1801135157,100.0,7268211.0,6.5786033,1069.8309
Brazil,2021,46.5,18075.7060048757,99.5,182593908.0,2.3696554,940.42975
Canada,2021,23.8,56995.1176781351,100.0,31424728.0,13.977163,3412.7449
Switzerland,2021,27.7,81001.4111206118,100.0,7329284.0,4.1233916,118.99723
Chile,2021,24.2,29089.850459728,100.0,17212250.0,4.298362,4168.882
China,2021,15.2,20843.2978347377,100.0,914094603.0,7.910899,17046.299
Colombia,2021,29.7,17383.0901728295,100.0,39841781.0,2.0265136,736.5218
Cyprus,2021,15.6,47632.76953125,100.0,878274.0,5.2764926,364.347
Czechia,2021,17.2,47796.0337408466,100.0,7635706.0,9.175987,14309.403
Germany,2021,17.6,62530.7653199239,100.0,67915111.0,8.100614,7430.7793
Denmark,2021,39.5,69715.1809680929,100.0,5169249.0,5.0545783,2117.1257
Algeria,2021,0.1,14496.8654697299,99.8,32953086.0,4.0668306,69.37296
Ecuador,2021,18.9,13507.4445638375,100.0,11155352.0,2.159484,31.095692
Spain,2021,19.0,44251.6658222621,100.0,37852874.0,4.793181,782.6643
Estonia,2021,38.0,44251.5374983455,100.0,934018.0,7.8024516,23848.027
Finland,2021,50.2,56790.3766177692,100.0,4065501.0,6.825398,6132.792
France,2021,16.2,52517.3354905855,100.0,53417028.0,4.649748,1136.5577
United Kingdom,2021,12.2,51004.4271714238,100.0,55589113.0,5.059431,949.8083
Greece,2021,21.5,33531.15511226,100.0,8285042.0,5.4376464,1881.7395
Croatia,2021,34.1,36930.2841941405,100.0,2202034.0,4.4343224,1230.7877
Hungary,2021,15.3,38887.1909527154,100.0,6761485.0,4.9780636,1641.7809
Indonesia,2021,20.2,12757.0746440204,99.2,157409381.0,2.2870014,2757.7502
India,2021,34.9,8050.01857452664,99.6,487087908.0,1.8920738,3785.0215
Ireland,2021,12.7,116903.61243517,100.0,3254289.0,7.4523654,2728.8171
Iraq,2021,1.1,12731.7535755129,100.0,30093110.0,4.483625,0.0
Iceland,2021,82.4,61610.2132740715,100.0,350954.0,9.367136,3653.0688
Israel,2021,6.2,46162.0822730247,100.0,8578144.0,6.5918126,5058.0454
Italy,2021,17.5,49825.3934111848,100.0,41086468.0,5.6242104,1089.8677
Japan,2021,8.8,44355.3487163354,100.0,115468839.0,8.422242,10896.52
Kazakhstan,2021,2.0,32945.8515725823,100.0,12049571.0,12.404203,19752.662
Kuwait,2021,0.1,50651.9575337091,100.0,4360865.0,20.149948,246.36115
Sri Lanka,2021,48.8,14316.1352225683,100.0,4392788.0,0.9173014,861.97174
Lithuania,2021,33.2,45873.5273239486,100.0,1915068.0,4.9304504,772.4229
Luxembourg,2021,20.5,136772.443753292,100.0,605412.0,13.134188,715.0275
Latvia,2021,44.0,36912.0130602161,100.0,1284862.0,3.8281586,118.736595
Morocco,2021,10.9,8623.265625,100.0,23029021.0,1.9016743,2326.3499
Mexico,2021,13.0,20782.5877417545,100.0,100755748.0,3.500541,431.86072
North Macedonia,2021,19.5,22144.2842571431,100.0,1133209.0,3.5212708,4186.44
Malaysia,2021,7.5,29822.8491831618,100.0,25886250.0,7.9729576,7769.1885
North America,2021,12.4628823400948,69833.4948761015,100.0,297194013.0,10.352162,5282.294
Netherlands,2021,12.2,68573.5648786446,100.0,16591428.0,7.889522,3672.2527
Norway,2021,61.4,88984.1386736515,100.0,4481404.0,7.591971,1810.274
New Zealand,2021,28.9,48248.7176729892,100.0,4262417.0,6.773412,3600.1892
Oman,2021,0.1,38719.4587682049,100.0,3605919.0,16.674276,217.25662
Pakistan,2021,41.6,5367.27364714762,94.9,90841927.0,1.0170143,738.65814
Peru,2021,30.6,15280.5512106486,95.6,27833704.0,1.8084831,235.07141
Philippines,2021,28.0,8857.78995115514,97.5,61583931.0,1.2402151,1944.8385
Poland,2021,15.2,41059.5847829682,100.0,22118541.0,8.693247,13910.262
Portugal,2021,32.3,38657.6677223425,100.0,6330574.0,3.8783576,218.89989
Qatar,2021,0.0,116832.656941972,100.0,2484956.0,37.082108,10.159407
Romania,2021,23.6,37534.1559176911,100.0,9987863.0,4.026425,2448.4
Saudi Arabia,2021,0.1,62690.4966645929,100.0,25850150.0,22.196955,40.821964
Singapore,2021,1.1,132617.354020876,100.0,5453566.0,9.033064,973.1698
Slovenia,2021,23.4,45914.0572392406,100.0,1165865.0,6.186983,5104.0
Sweden,2021,57.9,62731.700616293,100.0,9184054.0,3.7027159,1816.8953
Thailand,2021,19.0,20242.7700035656,100.0,41966785.0,3.7244072,3029.1685
Turkmenistan,2021,0.1,16434.1399060353,100.0,3337384.0,12.929089,0.0
Trinidad and Tobago,2021,0.5,30482.1201798631,100.0,737690.0,24.459532,0.0
Ukraine,2021,8.9,17846.408203125,100.0,30744454.0,4.7549105,5979.4517
United States,2021,10.9,71307.4017277218,100.0,265704637.0,14.758024,8633.825
Uzbekistan,2021,1.0,9247.64382703929,99.9,17439284.0,3.5966222,753.74603
World,2021,19.7355641050053,19857.1360041616,91.3342664591051,4499447586.0,4.634748,5612.226
South Africa,2021,9.7,13681.9548144813,89.3,39023643.0,7.14546,16196.925
United Arab Emirates,2022,1.0,75071.6586300351,100.0,8615590.0,20.220825,2723.3853
Argentina,2022,9.2,29808.8073468007,100.0,41826509.0,4.047052,327.9513
Australia,2022,12.3,66103.1797066957,100.0,22723275.0,14.65893,16348.856
Austria,2022,36.0,72065.4974270106,100.0,6238704.0,6.779517,3183.9185
Azerbaijan,2022,1.3,22552.0886560523,100.0,5926668.0,3.999354,0.07554682
Belgium,2022,11.7,69128.1388883843,100.0,10218922.0,7.6375527,2755.8174
Bangladesh,2022,25.0,8450.54902533941,99.4,53650523.0,0.6030491,327.04584
Bulgaria,2022,20.4,36320.1422295192,100.0,4750548.0,6.8755846,10639.264
Belarus,2022,8.2,28429.4948821827,100.0,7241570.0,6.226867,1185.9557
Brazil,2022,46.5,19876.8533531396,100.0,183701720.0,2.2826612,773.9508
Canada,2022,23.8,63944.1050100687,100.0,32063777.0,14.107159,2755.592
Switzerland,2022,27.7,94421.4576550424,100.0,7453558.0,3.7477124,122.58368
Chile,2022,24.2,30932.0010873677,100.0,17331720.0,4.385191,3387.8591
China,2022,15.2,23032.1766271143,100.0,920987153.0,8.217776,17119.092
Colombia,2022,29.7,20854.002999162,100.0,40379635.0,1.7286528,955.23456
Cyprus,2022,15.6,55876.17578125,100.0,887617.0,5.3108797,267.23978
Czechia,2022,17.2,52946.9660854462,100.0,7758284.0,8.904502,14453.141
Germany,2022,17.6,69048.9884036885,100.0,68028459.0,7.942359,7632.1694
Denmark,2022,39.5,78913.6534913127,100.0,5217578.0,4.9288173,2063.4119
Algeria,2022,0.1,15836.0944370321,100.0,33734939.0,4.238998,47.821785
Ecuador,2022,18.9,15198.0725554473,100.0,11245129.0,2.36007,44.87243
Spain,2022,19.0,51398.9310403407,100.0,38207320.0,4.8971643,909.068
Estonia,2022,38.0,48217.5523106028,100.0,950787.0,8.863261,25375.463
Finland,2022,50.2,62133.1375219912,100.0,4094670.0,6.5245185,5972.6235
France,2022,16.2,57042.9449013772,100.0,53701527.0,4.4555726,971.6879
United Kingdom,2022,12.2,59021.5721805914,100.0,56162292.0,4.563232,869.1269
Greece,2022,21.5,39612.4406377916,100.0,8198194.0,5.532692,1770.7454
Croatia,2022,34.1,42125.0726930931,100.0,2197629.0,4.500902,1209.9867
Hungary,2022,15.3,44365.9108128343,100.0,6738776.0,4.674298,1497.4098
Indonesia,2022,20.2,14284.929293133,100.0,160309348.0,2.7185707,4362.9033
India,2022,34.9,9207.12743040145,99.2,495413925.0,1.9861692,3901.5322
Ireland,2022,12.7,138522.517800204,100.0,3330586.0,7.177214,2162.0608
Iraq,2022,1.1,14391.1292349806,100.0,30791339.0,4.9385333,0.0
Iceland,2022,82.4,75332.8528345867,100.0,359765.0,9.458432,3541.05
Israel,2022,6.2,53619.0680995095,100.0,8744920.0,6.8401985,4880.486
Italy,2022,17.5,57260.8945372493,100.0,41005043.0,5.704794,1449.5105
Japan,2022,8.8,47192.0500603372,100.0,115087029.0,8.237319,10924.409
Kazakhstan,2022,2.0,35895.0839871667,100.0,12310097.0,13.693581,19552.594
Kuwait,2022,0.1,55043.0022635849,100.0,4589643.0,25.242083,128.16096
Sri Lanka,2022,48.8,14193.6546217446,100.0,4433492.0,0.80477285,803.3259
Lithuania,2022,33.2,50936.0049547442,100.0,1933631.0,4.5777125,759.2529
Luxembourg,2022,20.5,146919.145398494,100.0,618884.0,11.134566,722.83075
Latvia,2022,44.0,40558.7495841122,100.0,1282811.0,3.5129132,87.4212
Morocco,2022,10.9,9310.0322265625,100.0,23335087.0,1.8693061,2313.53
Mexico,2022,13.0,23135.4931601276,100.0,101861181.0,3.5284045,527.44965
North Macedonia,2022,19.5,24212.2818885331,100.0,1134802.0,3.9952326,5365.7144
Malaysia,2022,7.5,34419.8684975666,100.0,26359601.0,8.124508,7923.9004
North America,2022,12.4628823400948,76412.9988703282,100.0,299450931.0,10.390202,4920.794
Netherlands,2022,12.2,78630.3599072098,100.0,16813387.0,7.1213217,3593.1536
Norway,2022,61.4,125489.548935602,100.0,4527034.0,7.4829626,1716.3087
New Zealand,2022,28.9,54033.9130125651,100.0,4261246.0,6.229061,2483.823
Oman,2022,0.1,42616.3348955868,100.0,3784734.0,16.488375,297.6105
Pakistan,2022,41.6,5920.27430654107,95.0,93517801.0,0.8697954,619.5007
Peru,2022,30.6,16669.1561486769,96.2,28242007.0,1.9352938,250.38922
Philippines,2022,28.0,10131.346369794,94.8,62441328.0,1.3246514,1946.624
Poland,2022,15.2,46777.5524519162,100.0,22031023.0,8.20336,12911.908
Portugal,2022,32.3,45250.0148759865,100.0,6378082.0,3.9092069,7.815055
Qatar,2022,0.0,122920.54329029,100.0,2637243.0,37.88961,39.7509
Romania,2022,23.6,41979.2586767087,100.0,9936362.0,3.8183794,2193.1868
Saudi Arabia,2022,0.1,71968.074955888,100.0,27070606.0,20.729954,38.875736
Singapore,2022,1.1,143094.949896959,100.0,5637022.0,8.6610365,853.6383
Slovenia,2022,23.4,52347.109726538,100.0,1168776.0,6.017234,4120.6606
Sweden,2022,57.9,67075.6762724717,100.0,9270860.0,3.4653375,1758.741
Thailand,2022,19.0,22243.0747727026,99.9,42856389.0,3.7997093,2755.6716
Turkmenistan,2022,0.1,18340.1112805299,100.0,3402472.0,14.11619,0.0
Trinidad and Tobago,2022,0.5,32978.8585763159,100.0,736816.0,25.063381,0.0
Ukraine,2022,8.9,14770.0712890625,100.0,28497473.0,3.4846325,3034.5686
United States,2022,10.9,77860.9112908848,100.0,267322405.0,14.802047,8060.6177
Uzbekistan,2022,1.0,10292.5309427485,100.0,17813536.0,3.4089596,849.40826
World,2022,19.7355641050053,21985.2888100547,91.2883104888965,4559659836.0,4.6784525,5600.8784
South Africa,2022,9.7,14749.0478045301,86.5,39595737.0,6.8738866,15045.9
United Arab Emirates,2023,1.0,77955.2951760879,100.0,8981227.0,19.772913,2669.2302
Argentina,2023,9.2,30221.4976888753,100.0,41983907.0,3.9177263,292.1445
Australia,2023,12.3,72272.7092136683,100.0,23323885.0,14.529289,15815.612
Austria,2023,36.0,73544.6567230487,100.0,6321602.0,6.2328863,3060.5903
Azerbaijan,2023,1.3,23651.5994852756,100.0,5940831.0,4.142986,0.07537914
Belgium,2023,11.7,71946.1447190292,100.0,10313519.0,7.2316356,2371.7417
Bangladesh,2023,25.0,9147.7775066555,99.5,55140091.0,0.60960233,476.89563
Bulgaria,2023,20.4,38829.1913208102,100.0,4753221.0,5.076801,6319.409
Belarus,2023,8.2,30834.1773668111,100.0,7233843.0,6.1143074,1235.0475
Brazil,2023,46.5,21175.6186988214,99.8,184993000.0,2.2922719,754.3253
Canada,2023,23.8,64219.3173928637,100.0,33078918.0,13.880179,2620.084
Switzerland,2023,27.7,95141.5960943632,100.0,7571980.0,3.604899,95.82255
Chile,2023,24.2,33145.403552025,100.0,17460164.0,3.9475496,1990.5308
China,2023,15.2,25179.1193066383,100.0,924440306.0,8.556261,17701.023
Colombia,2023,29.7,21246.3762695201,98.7,40954681.0,1.7199993,1037.6309
Cyprus,2023,15.6,59874.5703125,100.0,896749.0,5.3443794,236.86624
Czechia,2023,17.2,55761.3798291375,100.0,7901987.0,7.6997585,11573.252
Germany,2023,17.6,71684.0311875583,100.0,68215139.0,7.022808,5765.0254
Denmark,2023,39.5,77892.2932609904,100.0,5266183.0,4.8470974,1304.31
Algeria,2023,0.1,16824.4879034627,100.0,34499817.0,4.394023,45.598732
Ecuador,2023,18.9,15918.5162948773,98.7,11350965.0,2.4805002,16.908316
Spain,2023,19.0,55682.2402603093,100.0,38744151.0,4.4970493,634.74176
Estonia,2023,38.0,48637.1802208795,100.0,968477.0,6.3957644,21403.625
Finland,2023,50.2,63414.9936878177,100.0,4132443.0,5.6771917,4474.379
France,2023,16.2,60838.9416716424,100.0,53863982.0,4.067842,740.7256
United Kingdom,2023,12.2,59911.3467663209,100.0,56958080.0,4.481841,743.0388
Greece,2023,21.5,42710.5058010314,100.0,8198352.0,5.0755324,1393.5707
Croatia,2023,34.1,47759.6982995339,100.0,2209406.0,4.740115,1031.7117
Hungary,2023,15.3,46592.3856070073,100.0,6742568.0,4.164973,1084.6141
Indonesia,2023,20.2,15415.7079259527,99.4,163421861.0,2.7111824,4267.2427
India,2023,34.9,10323.4998734428,99.5,504297814.0,2.1297693,4267.682
Ireland,2023,12.7,129682.607150517,100.0,3405504.0,6.4595604,1265.9901
Iraq,2023,1.1,14652.5212399212,100.0,31492462.0,5.056339,0.0
Iceland,2023,82.4,81608.4479116436,100.0,363109.0,9.052132,2498.9119
Israel,2023,6.2,55171.2318814321,100.0,9012717.0,5.9831605,3800.2285
Italy,2023,17.5,60029.871712398,100.0,41016535.0,5.248631,900.8972
Japan,2023,8.8,50661.7663463109,100.0,114658281.0,7.9352145,10131.873
Kazakhstan,2023,2.0,38515.1836009979,100.0,12555078.0,14.076408,20832.062
Kuwait,2023,0.1,53025.4710858063,100.0,4853420.0,25.454494,224.05888
Sri Lanka,2023,48.8,14455.6544414734,100.0,4439472.0,0.8343349,717.05646
Lithuania,2023,33.2,52348.2468215268,100.0,1969202.0,4.3822517,482.86783
Luxembourg,2023,20.5,150508.218886888,100.0,631786.0,10.2852545,398.3151
Latvia,2023,44.0,42576.4060799457,100.0,1287678.0,3.5007896,92.67135
Morocco,2023,10.9,9894.650390625,100.0,23635841.0,1.8286018,2148.0264
Mexico,2023,13.0,25243.1644887582,99.7,103108719.0,3.5321004,595.8488
North Macedonia,2023,19.5,25354.103505762,100.0,1137849.0,4.006106,5162.486
Malaysia,2023,7.5,36466.8914938333,100.0,26851763.0,7.8658104,8121.142
North America,2023,12.4628823400948,80387.021822965,100.0,302829623.0,10.096913,4114.842
Netherlands,2023,12.2,81728.6904629268,100.0,17040856.0,6.4676642,2428.8728
Norway,2023,61.4,103637.516843678,100.0,4585235.0,7.042548,1533.63
New Zealand,2023,28.9,54697.382252318,100.0,4362275.0,6.1010647,2201.814
Oman,2023,0.1,41945.0255640883,100.0,4017718.0,15.806381,207.18752
Pakistan,2023,41.6,6013.989636386,95.6,96079231.0,0.7549797,523.4267
Peru,2023,30.6,17011.2278028825,96.2,28694661.0,1.9519441,231.29405
Philippines,2023,28.0,10985.8292627505,98.0,63332937.0,1.4011557,2155.379
Poland,2023,15.2,48473.0940286419,100.0,21970572.0,7.307086,10609.4
Portugal,2023,32.3,49352.8388613032,100.0,6474357.0,3.6068447,5.5748706
Qatar,2023,0.0,129367.869670927,100.0,2637002.0,40.127865,44.04036
Romania,2023,23.6,45981.6027785222,100.0,9943122.0,3.54976,1607.7166
Saudi Arabia,2023,0.1,71564.800028565,100.0,28410135.0,20.36544,46.548893
Singapore,2023,1.1,143786.136293013,100.0,5917648.0,8.821352,675.7313
Slovenia,2023,23.4,56064.0974596742,100.0,1177659.0,5.6704106,3930.9556
Sweden,2023,57.9,69226.3272756663,100.0,9338745.0,3.4789953,1767.2122
Thailand,2023,19.0,23519.2120979823,100.0,43691300.0,3.6921155,2343.6858
Turkmenistan,2023,0.1,19828.9248461199,100.0,3466285.0,12.956967,0.0
Trinidad and Tobago,2023,0.5,34623.3691500959,98.7,737822.0,23.644289,0.0
Ukraine,2023,8.9,17665.34375,100.0,26215056.0,3.6924176,2850.7495
United States,2023,10.9,82304.6204272866,100.0,269686007.0,14.31945,6624.0435
Uzbekistan,2023,1.0,11106.9715934767,100.0,18181423.0,3.446397,1266.7935
World,2023,19.7355641050053,23379.1732967639,91.5991774421991,4621507622.0,4.707772,5600.6636
South Africa,2023,9.7,15199.7329823776,87.7,40191932.0,6.9069405,15121.22
